degree,k_params,mse_train,mse_test,IC,r2_train,r2_test
1,2,3.9094786860823296,4.374816850288857,4.404178037203548,0.6291977082858586,0.6383518794013939
2,3,0.867085660431739,0.9608143526973295,0.9705195481791207,0.9177595337339594,0.9205734281483778
3,4,0.16875732373721627,0.18269411061024268,0.18516294994281352,0.9839938755496805,0.9848974290792846
4,5,0.1591688198922977,0.16737536197207017,0.1702122325139697,0.9849033162923716,0.9861637670414216
5,6,0.16111260518127807,0.17135582409558045,0.17485288173018412,0.984718954105587,0.9858347186045742
